# binary	source	full version	source version (from the pinned snapshot's Packages index; see README.md)
adduser	adduser	3.134	3.134
attr	attr	1:2.5.1-4	1:2.5.1-4
base-files	base-files	12.4+deb12u15	12.4+deb12u15
bash	bash	5.2.15-2+b13	5.2.15-2
btrfs-progs	btrfs-progs	6.2-1+deb12u2	6.2-1+deb12u2
coreutils	coreutils	9.1-1	9.1-1
debconf	debconf	1.5.82	1.5.82
debianutils	debianutils	5.7-0.5~deb12u1	5.7-0.5~deb12u1
diffutils	diffutils	1:3.8-4	1:3.8-4
dmsetup	lvm2	2:1.02.185-2	2.03.16-2
dpkg	dpkg	1.21.23	1.21.23
e2fsprogs	e2fsprogs	1.47.0-2+b2	1.47.0-2
findutils	findutils	4.9.0-4	4.9.0-4
gcc-12-base	gcc-12	12.2.0-14+deb12u1	12.2.0-14+deb12u1
grep	grep	3.8-5	3.8-5
init-system-helpers	init-system-helpers	1.65.2+deb12u1	1.65.2+deb12u1
iproute2	iproute2	6.1.0-3	6.1.0-3
keyutils	keyutils	1.6.3-2	1.6.3-2
libacl1	acl	2.3.1-3	2.3.1-3
libapparmor1	apparmor	3.0.8-3	3.0.8-3
libargon2-1	argon2	0~20171227-0.3+deb12u1	0~20171227-0.3+deb12u1
libattr1	attr	1:2.5.1-4	1:2.5.1-4
libaudit-common	audit	1:3.0.9-1	1:3.0.9-1
libaudit1	audit	1:3.0.9-1	1:3.0.9-1
libblkid1	util-linux	2.38.1-5+deb12u3	2.38.1-5+deb12u3
libbpf1	libbpf	1:1.1.2-0+deb12u1	1.1.2-0+deb12u1
libbsd0	libbsd	0.11.7-2	0.11.7-2
libbz2-1.0	bzip2	1.0.8-5+b1	1.0.8-5
libc6	glibc	2.36-9+deb12u14	2.36-9+deb12u14
libcap-ng0	libcap-ng	0.8.3-1+b3	0.8.3-1
libcap2-bin	libcap2	1:2.66-4+deb12u3+b1	1:2.66-4+deb12u3
libcap2	libcap2	1:2.66-4+deb12u3+b1	1:2.66-4+deb12u3
libcom-err2	e2fsprogs	1.47.0-2+b2	1.47.0-2
libcrypt1	libxcrypt	1:4.4.33-2	1:4.4.33-2
libcryptsetup12	cryptsetup	2:2.6.1-4~deb12u2	2:2.6.1-4~deb12u2
libdb5.3	db5.3	5.3.28+dfsg2-1	5.3.28+dfsg2-1
libdbus-1-3	dbus	1.14.10-1~deb12u1	1.14.10-1~deb12u1
libdevmapper1.02.1	lvm2	2:1.02.185-2	2.03.16-2
libedit2	libedit	3.1-20221030-2	3.1-20221030-2
libelf1	elfutils	0.188-2.1	0.188-2.1
libelogind0	elogind	246.10-1debian1	246.10-1debian1
libevent-core-2.1-7	libevent	2.1.12-stable-8	2.1.12-stable-8
libexpat1	expat	2.5.0-1+deb12u2	2.5.0-1+deb12u2
libext2fs2	e2fsprogs	1.47.0-2+b2	1.47.0-2
libfdisk1	util-linux	2.38.1-5+deb12u3	2.38.1-5+deb12u3
libffi8	libffi	3.4.4-1	3.4.4-1
libfile-find-rule-perl	libfile-find-rule-perl	0.34-4~deb12u1	0.34-4~deb12u1
libgcc-s1	gcc-12	12.2.0-14+deb12u1	12.2.0-14+deb12u1
libgcrypt20	libgcrypt20	1.10.1-3+deb12u1	1.10.1-3+deb12u1
libgdbm-compat4	gdbm	1.23-3	1.23-3
libgdbm6	gdbm	1.23-3	1.23-3
libgmp10	gmp	2:6.2.1+dfsg1-1.1	2:6.2.1+dfsg1-1.1
libgnutls30	gnutls28	3.7.9-2+deb12u7	3.7.9-2+deb12u7
libgpg-error0	libgpg-error	1.46-1	1.46-1
libgssapi-krb5-2	krb5	1.20.1-2+deb12u5	1.20.1-2+deb12u5
libhogweed6	nettle	3.8.1-2	3.8.1-2
libicu72	icu	72.1-3+deb12u1	72.1-3+deb12u1
libidn2-0	libidn2	2.3.3-1+b1	2.3.3-1
libinih1	libinih	55-1	55-1
libip4tc2	iptables	1.8.9-2	1.8.9-2
libjson-c5	json-c	0.16-2	0.16-2
libk5crypto3	krb5	1.20.1-2+deb12u5	1.20.1-2+deb12u5
libkeyutils1	keyutils	1.6.3-2	1.6.3-2
libkmod2	kmod	30+20221128-1	30+20221128-1
libkrb5-3	krb5	1.20.1-2+deb12u5	1.20.1-2+deb12u5
libkrb5support0	krb5	1.20.1-2+deb12u5	1.20.1-2+deb12u5
libldap-2.5-0	openldap	2.5.13+dfsg-5	2.5.13+dfsg-5
liblz4-1	lz4	1.9.4-1	1.9.4-1
liblzma5	xz-utils	5.4.1-1+deb12u1	5.4.1-1+deb12u1
liblzo2-2	lzo2	2.10-2	2.10-2
libmd0	libmd	1.0.4-2	1.0.4-2
libmnl0	libmnl	1.0.4-3	1.0.4-3
libmount1	util-linux	2.38.1-5+deb12u3	2.38.1-5+deb12u3
libncursesw6	ncurses	6.4-4	6.4-4
libnettle8	nettle	3.8.1-2	3.8.1-2
libnfsidmap1	nfs-utils	1:2.6.2-4+deb12u1	1:2.6.2-4+deb12u1
libnl-3-200	libnl3	3.7.0-0.2+b1	3.7.0-0.2
libnl-genl-3-200	libnl3	3.7.0-0.2+b1	3.7.0-0.2
libnsl2	libnsl	1.3.0-2	1.3.0-2
libnumber-compare-perl	libnumber-compare-perl	0.03-3	0.03-3
libp11-kit0	p11-kit	0.24.1-2	0.24.1-2
libpam-modules-bin	pam	1.5.2-6+deb12u2	1.5.2-6+deb12u2
libpam-modules	pam	1.5.2-6+deb12u2	1.5.2-6+deb12u2
libpam0g	pam	1.5.2-6+deb12u2	1.5.2-6+deb12u2
libpcre2-8-0	pcre2	10.42-1	10.42-1
libperl5.36	perl	5.36.0-7+deb12u3	5.36.0-7+deb12u3
libproc2-0	procps	2:4.0.2-3	2:4.0.2-3
libpython3-stdlib	python3-defaults	3.11.2-1+b1	3.11.2-1
libpython3.11-minimal	python3.11	3.11.2-6+deb12u8	3.11.2-6+deb12u8
libpython3.11-stdlib	python3.11	3.11.2-6+deb12u8	3.11.2-6+deb12u8
libreadline8	readline	8.2-1.3	8.2-1.3
libsasl2-2	cyrus-sasl2	2.1.28+dfsg-10	2.1.28+dfsg-10
libsasl2-modules-db	cyrus-sasl2	2.1.28+dfsg-10	2.1.28+dfsg-10
libseccomp2	libseccomp	2.5.4-1+deb12u1	2.5.4-1+deb12u1
libselinux1	libselinux	3.4-1+b6	3.4-1
libsemanage-common	libsemanage	3.4-1	3.4-1
libsemanage2	libsemanage	3.4-1+b5	3.4-1
libsepol2	libsepol	3.4-2.1	3.4-2.1
libsmartcols1	util-linux	2.38.1-5+deb12u3	2.38.1-5+deb12u3
libsqlite3-0	sqlite3	3.40.1-2+deb12u2	3.40.1-2+deb12u2
libss2	e2fsprogs	1.47.0-2+b2	1.47.0-2
libssl3	openssl	3.0.20-1~deb12u2	3.0.20-1~deb12u2
libstdc++6	gcc-12	12.2.0-14+deb12u1	12.2.0-14+deb12u1
libsystemd-shared	systemd	252.39-1~deb12u2	252.39-1~deb12u2
libsystemd0	systemd	252.39-1~deb12u2	252.39-1~deb12u2
libtasn1-6	libtasn1-6	4.19.0-2+deb12u1	4.19.0-2+deb12u1
libtext-glob-perl	libtext-glob-perl	0.11-3	0.11-3
libtinfo6	ncurses	6.4-4	6.4-4
libtirpc-common	libtirpc	1.3.3+ds-1	1.3.3+ds-1
libtirpc3	libtirpc	1.3.3+ds-1	1.3.3+ds-1
libudev1	systemd	252.39-1~deb12u2	252.39-1~deb12u2
libunistring2	libunistring	1.0-2	1.0-2
libunwind8	libunwind	1.6.2-3	1.6.2-3
liburcu8	liburcu	0.13.2-1	0.13.2-1
libuuid1	util-linux	2.38.1-5+deb12u3	2.38.1-5+deb12u3
libwrap0	tcp-wrappers	7.6.q-32	7.6.q-32
libxtables12	iptables	1.8.9-2	1.8.9-2
libzstd1	libzstd	1.5.4+dfsg2-5	1.5.4+dfsg2-5
logsave	e2fsprogs	1.47.0-2+b2	1.47.0-2
mawk	mawk	1.3.4.20200120-3.1	1.3.4.20200120-3.1
media-types	media-types	10.0.0	10.0.0
mount	util-linux	2.38.1-5+deb12u3	2.38.1-5+deb12u3
netbase	netbase	6.4	6.4
nfs-common	nfs-utils	1:2.6.2-4+deb12u1	1:2.6.2-4+deb12u1
nfs-kernel-server	nfs-utils	1:2.6.2-4+deb12u1	1:2.6.2-4+deb12u1
passwd	shadow	1:4.13+dfsg1-1+deb12u2	1:4.13+dfsg1-1+deb12u2
perl-base	perl	5.36.0-7+deb12u3	5.36.0-7+deb12u3
perl-modules-5.36	perl	5.36.0-7+deb12u3	5.36.0-7+deb12u3
perl	perl	5.36.0-7+deb12u3	5.36.0-7+deb12u3
procps	procps	2:4.0.2-3	2:4.0.2-3
python3-minimal	python3-defaults	3.11.2-1+b1	3.11.2-1
python3.11-minimal	python3.11	3.11.2-6+deb12u8	3.11.2-6+deb12u8
python3.11	python3.11	3.11.2-6+deb12u8	3.11.2-6+deb12u8
python3	python3-defaults	3.11.2-1+b1	3.11.2-1
quota	quota	4.06-1+b2	4.06-1
readline-common	readline	8.2-1.3	8.2-1.3
rpcbind	rpcbind	1.2.6-6+b1	1.2.6-6
sensible-utils	sensible-utils	0.0.17+nmu1	0.0.17+nmu1
strace	strace	6.1-0.1	6.1-0.1
systemd-sysv	systemd	252.39-1~deb12u2	252.39-1~deb12u2
systemd	systemd	252.39-1~deb12u2	252.39-1~deb12u2
sysvinit-utils	sysvinit	3.06-4	3.06-4
tar	tar	1.34+dfsg-1.2+deb12u1	1.34+dfsg-1.2+deb12u1
ucf	ucf	3.0043+nmu1+deb12u1	3.0043+nmu1+deb12u1
usrmerge	usrmerge	37~deb12u1	37~deb12u1
util-linux-extra	util-linux	2.38.1-5+deb12u3	2.38.1-5+deb12u3
util-linux	util-linux	2.38.1-5+deb12u3	2.38.1-5+deb12u3
xfsprogs	xfsprogs	6.1.0-1	6.1.0-1
zlib1g	zlib	1:1.2.13.dfsg-1	1:1.2.13.dfsg-1
